eps_bucket,rho30,native_cluster,count,min_N,max_N,mean_r,mean_h,mean_z,mean_boost
>5,6,eps=>5;rho30=6,3321,246,99996,718.2038542607648,586.1521314926445,5.315037812646751,2.1300941686886947
>5,0,eps=>5;rho30=0,3320,390,99990,954.3590361445783,781.6623400998329,6.009061782894832,2.8397273420420226
>5,24,eps=>5;rho30=24,3320,324,99984,717.9084337349398,586.1664816957009,5.311232347831976,2.1300878092681805
>5,18,eps=>5;rho30=18,3318,288,99978,714.5626883664859,586.5205344449189,5.136623137342841,2.130221672757434
>5,10,eps=>5;rho30=10,3311,490,100000,483.0066445182724,391.93393277626774,4.5010651337822765,1.4202348440978676
>5,12,eps=>5;rho30=12,3311,462,99972,715.1443672606463,587.5686934531134,5.119939318706215,2.130339697448468
>5,22,eps=>5;rho30=22,3310,502,99982,362.57462235649547,293.93366004046726,3.93047908138146,1.0651523366790243
>5,4,eps=>5;rho30=4,3306,274,99994,362.84936479128856,294.33983463580483,3.923684355769951,1.0650808642322793
